app,rating
Dovetail,5
Fieldkit,5
Lookback,5
Fieldkit,5
Maze,5
Lookback,5
Maze,5
Lookback,5
Lookback,5
Miro,5
Lookback,5
Miro,5
Fieldkit,5
Lookback,5
Lookback,5
Lookback,5
Fieldkit,5
Dovetail,5
Dovetail,5
Fieldkit,5
Lookback,5
Fieldkit,5
Dovetail,5
Miro,5
Miro,5
Dovetail,5
Miro,5
Maze,5
Lookback,5
Miro,5
Miro,5
Fieldkit,5
Miro,5
Lookback,5
Fieldkit,5
Miro,5
Maze,5
Dovetail,5
Lookback,5
Lookback,5
Miro,5
Miro,5
Lookback,5
Dovetail,5
Miro,5
Maze,5
Dovetail,5
Dovetail,5
Maze,5
Miro,5
Miro,5
Maze,5
Dovetail,5
Fieldkit,5
Miro,5
Miro,5
Dovetail,5
Dovetail,5
Fieldkit,5
Maze,5
Miro,5
Maze,5
Miro,5
Dovetail,5
Dovetail,5
Lookback,5
Dovetail,5
Lookback,5
Fieldkit,5
Dovetail,5
Lookback,5
Maze,5
Maze,5
Dovetail,5
Maze,5
Maze,5
Dovetail,5
Dovetail,5
Maze,5
Lookback,5
Miro,5
Miro,5
Maze,5
Miro,5
Dovetail,5
Fieldkit,5
Lookback,5
Fieldkit,5
Miro,5
Maze,5
Fieldkit,5
Dovetail,5
Miro,5
Maze,5
Dovetail,5
Lookback,5
Lookback,5
Lookback,5
Miro,5
Fieldkit,5
Maze,5
Dovetail,5
Miro,5
Lookback,5
Lookback,5
Maze,5
Lookback,5
Dovetail,5
Maze,5
Miro,5
Dovetail,5
Maze,5
Fieldkit,5
Miro,5
Dovetail,5
Miro,5
Miro,5
Maze,5
Fieldkit,5
Fieldkit,5
Dovetail,5
Miro,5
Lookback,5
Miro,5
Miro,5
Lookback,5
Lookback,5
Maze,5
Miro,5
Fieldkit,5
Lookback,5
Dovetail,5
Fieldkit,5
Miro,5
Miro,5
Miro,5
Dovetail,5
Miro,5
Dovetail,5
Maze,5
Miro,5
Lookback,5
Lookback,5
Fieldkit,5
Miro,5
Dovetail,5
Lookback,5
Dovetail,5
Miro,5
Maze,5
Maze,5
Dovetail,5
Lookback,5
Miro,5
Miro,5
Fieldkit,5
Fieldkit,5
Maze,5
Fieldkit,5
Fieldkit,5
Lookback,5
Miro,5
Miro,5
Dovetail,5
Maze,5
Maze,5
Maze,5
Fieldkit,5
Miro,5
Miro,5
Maze,5
Maze,5
Dovetail,5
Lookback,5
Maze,5
Fieldkit,5
Miro,5
Miro,5
Lookback,5
Miro,5
Maze,5
Miro,5
Fieldkit,5
Lookback,5
Maze,5
Miro,5
Fieldkit,5
Miro,5
Dovetail,5
Maze,5
Dovetail,5
Miro,5
Maze,5
Lookback,5
Dovetail,5
Dovetail,5
Maze,5
Fieldkit,5
Fieldkit,5
Maze,5
Miro,5
Lookback,5
Maze,5
Maze,5
Dovetail,5
Miro,5
Fieldkit,5
Lookback,4
Dovetail,4
Miro,4
Lookback,4
Miro,4
Lookback,4
Miro,4
Maze,4
Dovetail,4
Lookback,4
Maze,4
Dovetail,4
Lookback,4
Maze,4
Fieldkit,4
Fieldkit,4
Lookback,4
Lookback,4
Lookback,4
Lookback,4
Lookback,4
Maze,4
Lookback,4
Miro,4
Fieldkit,4
Miro,4
Fieldkit,4
Dovetail,4
Miro,4
Fieldkit,4
Lookback,4
Miro,4
Maze,4
Lookback,4
Lookback,4
Maze,4
Dovetail,4
Miro,4
Miro,4
Fieldkit,4
Fieldkit,4
Maze,4
Miro,4
Fieldkit,4
Dovetail,4
Lookback,4
Lookback,4
Lookback,4
Lookback,4
Dovetail,4
Miro,4
Lookback,4
Miro,4
Miro,4
Dovetail,4
Fieldkit,4
Miro,4
Lookback,4
Miro,4
Lookback,4
Fieldkit,4
Maze,4
Fieldkit,4
Dovetail,4
Dovetail,4
Fieldkit,4
Lookback,4
Miro,4
Maze,4
Miro,4
Lookback,4
Fieldkit,4
Fieldkit,4
Maze,4
Lookback,4
Dovetail,4
Lookback,4
Dovetail,4
Dovetail,4
Lookback,4
Miro,4
Lookback,4
Fieldkit,4
Miro,4
Lookback,4
Lookback,4
Miro,4
Miro,4
Maze,4
Lookback,4
Dovetail,4
Maze,4
Maze,4
Miro,4
Maze,4
Dovetail,4
Miro,4
Lookback,4
Miro,4
Dovetail,4
Miro,4
Dovetail,4
Lookback,4
Fieldkit,4
Miro,4
Maze,4
Dovetail,4
Dovetail,4
Fieldkit,4
Miro,4
Dovetail,4
Miro,4
Miro,4
Fieldkit,4
Dovetail,4
Miro,4
Maze,4
Maze,4
Dovetail,4
Lookback,4
Dovetail,4
Dovetail,4
Fieldkit,4
Maze,4
Miro,4
Miro,4
Miro,4
Lookback,4
Maze,4
Maze,4
Miro,4
Fieldkit,4
Lookback,4
Miro,4
Miro,4
Dovetail,4
Fieldkit,4
Lookback,4
Lookback,4
Maze,4
Miro,4
Dovetail,4
Maze,4
Maze,4
Fieldkit,4
Fieldkit,4
Fieldkit,4
Lookback,4
Dovetail,4
Maze,4
Maze,4
Miro,4
Maze,4
Dovetail,4
Dovetail,4
Fieldkit,4
Dovetail,4
Maze,4
Fieldkit,4
Lookback,4
Miro,3
Fieldkit,3
Lookback,3
Lookback,3
Lookback,3
Dovetail,3
Miro,3
Dovetail,3
Lookback,3
Dovetail,3
Fieldkit,3
Lookback,3
Maze,3
Fieldkit,3
Maze,3
Lookback,3
Dovetail,3
Maze,3
Dovetail,3
Miro,3
Maze,3
Miro,3
Maze,3
Maze,3
Fieldkit,3
Maze,3
Lookback,3
Fieldkit,3
Fieldkit,3
Maze,3
Miro,3
Dovetail,3
Maze,3
Maze,3
Miro,3
Fieldkit,3
Dovetail,3
Maze,3
Dovetail,3
Dovetail,3
Maze,3
Dovetail,3
Lookback,3
Miro,3
Fieldkit,3
Dovetail,3
Miro,3
Lookback,3
Lookback,3
Dovetail,3
Lookback,3
Fieldkit,3
Miro,3
Miro,3
Miro,3
Fieldkit,3
Fieldkit,3
Maze,3
Fieldkit,3
Lookback,3
Maze,3
Fieldkit,2
Fieldkit,2
Lookback,2
Fieldkit,2
Dovetail,2
Miro,2
Miro,2
Miro,2
Miro,2
Dovetail,2
Fieldkit,2
Fieldkit,2
Miro,2
Fieldkit,2
Fieldkit,2
Maze,2
Maze,2
Fieldkit,2
Fieldkit,2
Lookback,2
Lookback,2
Fieldkit,2
Fieldkit,2
Miro,2
Lookback,2
Miro,2
Maze,2
Lookback,2
Dovetail,2
Dovetail,2
Lookback,2
Fieldkit,2
Maze,2
Maze,2
Fieldkit,2
Miro,2
Lookback,2
Maze,2
Fieldkit,2
Fieldkit,2
Lookback,2
Fieldkit,2
Miro,2
Fieldkit,1
Maze,1
Maze,1
Miro,1
Lookback,1
Lookback,1
Miro,1
Lookback,1
Lookback,1
Dovetail,1
Lookback,1
Fieldkit,1
Miro,1
Miro,1
Lookback,1
Fieldkit,1
Lookback,1
Fieldkit,1
Maze,1
Maze,1
Fieldkit,1
Miro,1
Fieldkit,1
Miro,1
Miro,1
Dovetail,1
Maze,1
Dovetail,1
Miro,1
